,tpr,fpr
0,0.0,0.0004382120946538
1,0.0,0.0008764241893076
2,0.0,0.0013146362839614
3,0.0,0.0017528483786152
4,0.0,0.002191060473269
5,0.0,0.0026292725679228
6,0.0,0.0030674846625766
7,0.0,0.0035056967572304
8,0.0,0.0039439088518843
9,0.0,0.0043821209465381
10,0.0,0.0048203330411919
11,0.0,0.0052585451358457
12,0.0,0.0056967572304995
13,0.0,0.0061349693251533
14,0.0,0.0065731814198071
15,0.0,0.0070113935144609
16,0.0,0.0074496056091148
17,0.0,0.0078878177037686
18,0.0,0.0083260297984224
19,0.0,0.0087642418930762
20,0.0,0.00920245398773
21,0.0,0.0096406660823838
22,0.0,0.0100788781770376
23,0.0,0.0105170902716914
24,0.0,0.0109553023663453
25,0.0,0.0113935144609991
26,0.0,0.0118317265556529
27,0.0,0.0122699386503067
28,0.0,0.0127081507449605
29,0.0,0.0131463628396143
30,0.0,0.0135845749342681
31,0.0,0.0140227870289219
32,0.0,0.0144609991235758
33,0.0,0.0148992112182296
34,0.0,0.0153374233128834
35,0.0,0.0157756354075372
36,0.0,0.016213847502191
37,0.0,0.0166520595968448
38,0.0,0.0170902716914986
39,0.0,0.0175284837861524
40,0.0,0.0179666958808063
41,0.0,0.0184049079754601
42,0.0,0.0188431200701139
43,0.0,0.0192813321647677
44,0.0,0.0197195442594215
45,0.0,0.0201577563540753
46,0.0,0.0205959684487291
47,0.0,0.0210341805433829
48,0.0,0.0214723926380368
49,0.06555555555555549,0.0214723926380368
50,0.06555555555555549,0.0219106047326906
51,0.06555555555555549,0.0223488168273444
52,0.06555555555555549,0.0227870289219982
53,0.06555555555555549,0.023225241016652
54,0.06555555555555549,0.0236634531113058
55,0.06555555555555549,0.0241016652059596
56,0.06555555555555549,0.0245398773006134
57,0.06555555555555549,0.0249780893952673
58,0.06555555555555549,0.0254163014899211
59,0.06555555555555549,0.0258545135845749
60,0.06555555555555549,0.0262927256792287
61,0.06555555555555549,0.0267309377738825
62,0.06555555555555549,0.0271691498685363
63,0.06555555555555549,0.0276073619631901
64,0.06555555555555549,0.0280455740578439
65,0.06555555555555549,0.0284837861524978
66,0.06555555555555549,0.0289219982471516
67,0.06555555555555549,0.0293602103418054
68,0.06555555555555549,0.0297984224364592
69,0.06555555555555549,0.030236634531113
70,0.06555555555555549,0.0306748466257668
71,0.06555555555555549,0.0311130587204206
72,0.06555555555555549,0.0315512708150744
73,0.06555555555555549,0.0319894829097283
74,0.06555555555555549,0.0324276950043821
75,0.06555555555555549,0.0328659070990359
76,0.06555555555555549,0.0333041191936897
77,0.06555555555555549,0.0337423312883435
78,0.06555555555555549,0.0341805433829973
79,0.06555555555555549,0.0346187554776511
80,0.06555555555555549,0.0350569675723049
81,0.06555555555555549,0.0354951796669588
82,0.06555555555555549,0.0359333917616126
83,0.06555555555555549,0.0363716038562664
84,0.06555555555555549,0.0368098159509202
85,0.06555555555555549,0.037248028045574
86,0.06555555555555549,0.0376862401402278
87,0.06555555555555549,0.0381244522348816
88,0.06555555555555549,0.0385626643295354
89,0.06555555555555549,0.0390008764241893
90,0.06555555555555549,0.0394390885188431
91,0.06555555555555549,0.0398773006134969
92,0.06555555555555549,0.0403155127081507
93,0.06555555555555549,0.0407537248028045
94,0.06555555555555549,0.0411919368974583
95,0.06555555555555549,0.0416301489921121
96,0.06555555555555549,0.0420683610867659
97,0.06555555555555549,0.0425065731814198
98,0.06555555555555549,0.0429447852760736
99,0.06555555555555549,0.0433829973707274
100,0.06555555555555549,0.0438212094653812
101,0.06555555555555549,0.044259421560035
102,0.06555555555555549,0.0446976336546888
103,0.06555555555555549,0.0451358457493426
104,0.06555555555555549,0.0455740578439964
105,0.06555555555555549,0.0460122699386503
106,0.06555555555555549,0.0464504820333041
107,0.2111111111111111,0.0464504820333041
108,0.2111111111111111,0.0468886941279579
109,0.2111111111111111,0.0473269062226117
110,0.2111111111111111,0.0477651183172655
111,0.2111111111111111,0.0482033304119193
112,0.2111111111111111,0.0486415425065731
113,0.2111111111111111,0.0490797546012269
114,0.2111111111111111,0.0495179666958808
115,0.2111111111111111,0.0499561787905346
116,0.2111111111111111,0.0503943908851884
117,0.2111111111111111,0.0508326029798422
118,0.2111111111111111,0.051270815074496
119,0.2111111111111111,0.0517090271691498
120,0.2111111111111111,0.0521472392638036
121,0.2111111111111111,0.0525854513584574
122,0.2111111111111111,0.0530236634531113
123,0.2111111111111111,0.0534618755477651
124,0.2111111111111111,0.0539000876424189
125,0.2111111111111111,0.0543382997370727
126,0.2111111111111111,0.0547765118317265
127,0.2111111111111111,0.0552147239263803
128,0.2111111111111111,0.0556529360210341
129,0.2111111111111111,0.0560911481156879
130,0.2111111111111111,0.0565293602103418
131,0.2111111111111111,0.0569675723049956
132,0.2111111111111111,0.0574057843996494
133,0.2111111111111111,0.0578439964943032
134,0.2111111111111111,0.058282208588957
135,0.2111111111111111,0.0587204206836108
136,0.2111111111111111,0.0591586327782646
137,0.2111111111111111,0.0595968448729184
138,0.2111111111111111,0.0600350569675723
139,0.2111111111111111,0.0604732690622261
140,0.2111111111111111,0.0609114811568799
141,0.2111111111111111,0.0613496932515337
142,0.2111111111111111,0.0617879053461875
143,0.2111111111111111,0.0622261174408413
144,0.2111111111111111,0.0626643295354951
145,0.2111111111111111,0.0631025416301489
146,0.2111111111111111,0.0635407537248028
147,0.2111111111111111,0.0639789658194566
148,0.2111111111111111,0.0644171779141104
149,0.2111111111111111,0.0648553900087642
150,0.2111111111111111,0.065293602103418
151,0.2111111111111111,0.0657318141980718
152,0.2111111111111111,0.0661700262927256
153,0.2111111111111111,0.0666082383873794
154,0.2111111111111111,0.0670464504820333
155,0.2111111111111111,0.0674846625766871
156,0.2111111111111111,0.0679228746713409
157,0.2111111111111111,0.0683610867659947
158,0.2111111111111111,0.0687992988606485
159,0.2111111111111111,0.0692375109553023
160,0.2111111111111111,0.0696757230499561
161,0.2111111111111111,0.0701139351446099
162,0.2111111111111111,0.0705521472392638
163,0.2111111111111111,0.0709903593339176
164,0.2111111111111111,0.0714285714285714
165,0.2111111111111111,0.0718667835232252
166,0.2111111111111111,0.072304995617879
167,0.2111111111111111,0.0727432077125328
168,0.2111111111111111,0.0731814198071866
169,0.2111111111111111,0.0736196319018405
170,0.2111111111111111,0.0740578439964943
171,0.2111111111111111,0.0744960560911481
172,0.2111111111111111,0.0749342681858019
173,0.2111111111111111,0.0753724802804557
174,0.2111111111111111,0.0758106923751095
175,0.2111111111111111,0.0762489044697633
176,0.2111111111111111,0.0766871165644171
177,0.2111111111111111,0.0771253286590709
178,0.2111111111111111,0.0775635407537248
179,0.2111111111111111,0.0780017528483786
180,0.2111111111111111,0.0784399649430324
181,0.2111111111111111,0.0788781770376862
182,0.2111111111111111,0.07931638913234
183,0.2111111111111111,0.0797546012269938
184,0.2111111111111111,0.0801928133216476
185,0.2111111111111111,0.0806310254163014
186,0.2111111111111111,0.0810692375109553
187,0.2111111111111111,0.0815074496056091
188,0.2111111111111111,0.0819456617002629
189,0.2111111111111111,0.0823838737949167
190,0.2111111111111111,0.0828220858895705
191,0.2111111111111111,0.0832602979842243
192,0.2111111111111111,0.0836985100788781
193,0.2111111111111111,0.0841367221735319
194,0.2111111111111111,0.0845749342681858
195,0.2111111111111111,0.0850131463628396
196,0.2111111111111111,0.0854513584574934
197,0.2111111111111111,0.0858895705521472
198,0.2111111111111111,0.086327782646801
199,0.2111111111111111,0.0867659947414548
200,0.2111111111111111,0.0872042068361086
201,0.2111111111111111,0.0876424189307625
202,0.2111111111111111,0.0880806310254163
203,0.2111111111111111,0.0885188431200701
204,0.2111111111111111,0.0889570552147239
205,0.2111111111111111,0.0893952673093777
206,0.2111111111111111,0.0898334794040315
207,0.2111111111111111,0.0902716914986853
208,0.2111111111111111,0.0907099035933391
209,0.2111111111111111,0.0911481156879929
210,0.2111111111111111,0.0915863277826468
211,0.2111111111111111,0.0920245398773006
212,0.2111111111111111,0.0924627519719544
213,0.2111111111111111,0.0929009640666082
214,0.2111111111111111,0.093339176161262
215,0.2111111111111111,0.0937773882559158
216,0.2111111111111111,0.0942156003505696
217,0.2111111111111111,0.0946538124452234
218,0.2111111111111111,0.0950920245398773
219,0.2111111111111111,0.0955302366345311
220,0.2111111111111111,0.0959684487291849
221,0.2111111111111111,0.0964066608238387
222,0.2111111111111111,0.0968448729184925
223,0.2111111111111111,0.0972830850131463
224,0.2111111111111111,0.0977212971078001
225,0.2111111111111111,0.0981595092024539
226,0.2111111111111111,0.0985977212971078
227,0.2111111111111111,0.0990359333917616
228,0.2111111111111111,0.0994741454864154
229,0.2111111111111111,0.0999123575810692
230,0.2111111111111111,0.100350569675723
231,0.2111111111111111,0.1007887817703768
232,0.2111111111111111,0.1012269938650306
233,0.2111111111111111,0.1016652059596845
234,0.2111111111111111,0.1021034180543383
235,0.2111111111111111,0.1025416301489921
236,0.2111111111111111,0.1029798422436459
237,0.2111111111111111,0.1034180543382997
238,0.2111111111111111,0.1038562664329535
239,0.2111111111111111,0.1042944785276073
240,0.2111111111111111,0.1047326906222611
241,0.2111111111111111,0.1051709027169149
242,0.2111111111111111,0.1056091148115688
243,0.2111111111111111,0.1060473269062226
244,0.2111111111111111,0.1064855390008764
245,0.2111111111111111,0.1069237510955302
246,0.2111111111111111,0.107361963190184
247,0.2111111111111111,0.1078001752848378
248,0.2111111111111111,0.1082383873794916
249,0.2111111111111111,0.1086765994741454
250,0.2111111111111111,0.1091148115687993
251,0.2111111111111111,0.1095530236634531
252,0.2111111111111111,0.1099912357581069
253,0.2111111111111111,0.1104294478527607
254,0.2111111111111111,0.1108676599474145
255,0.2111111111111111,0.1113058720420683
256,0.2111111111111111,0.1117440841367221
257,0.2111111111111111,0.1121822962313759
258,0.2111111111111111,0.1126205083260298
259,0.2111111111111111,0.1130587204206836
260,0.2111111111111111,0.1134969325153374
261,0.2111111111111111,0.1139351446099912
262,0.2111111111111111,0.114373356704645
263,0.2111111111111111,0.1148115687992988
264,0.2111111111111111,0.1152497808939526
265,0.2111111111111111,0.1156879929886064
266,0.2111111111111111,0.1161262050832603
267,0.2111111111111111,0.1165644171779141
268,0.2111111111111111,0.1170026292725679
269,0.2111111111111111,0.1174408413672217
270,0.2111111111111111,0.1178790534618755
271,0.2111111111111111,0.1183172655565293
272,0.2111111111111111,0.1187554776511831
273,0.2111111111111111,0.1191936897458369
274,0.2111111111111111,0.1196319018404908
275,0.2111111111111111,0.1200701139351446
276,0.2111111111111111,0.1205083260297984
277,0.2111111111111111,0.1209465381244522
278,0.2111111111111111,0.121384750219106
279,0.2111111111111111,0.1218229623137598
280,0.2111111111111111,0.1222611744084136
281,0.2111111111111111,0.1226993865030674
282,0.2111111111111111,0.1231375985977213
283,0.2111111111111111,0.1235758106923751
284,0.2111111111111111,0.1240140227870289
285,0.2111111111111111,0.1244522348816827
286,0.2111111111111111,0.1248904469763365
287,0.2111111111111111,0.1253286590709903
288,0.2111111111111111,0.1257668711656441
289,0.2111111111111111,0.1262050832602979
290,0.2111111111111111,0.1266432953549518
291,0.2666666666666666,0.1266432953549518
292,0.2666666666666666,0.1270815074496056
293,0.2666666666666666,0.1275197195442594
294,0.2666666666666666,0.1279579316389132
295,0.2666666666666666,0.128396143733567
296,0.2666666666666666,0.1288343558282208
297,0.2666666666666666,0.1292725679228746
298,0.2666666666666666,0.1297107800175284
299,0.2666666666666666,0.1301489921121822
300,0.2666666666666666,0.1305872042068361
301,0.2666666666666666,0.1310254163014899
302,0.2666666666666666,0.1314636283961437
303,0.2666666666666666,0.1319018404907975
304,0.2666666666666666,0.1323400525854513
305,0.2666666666666666,0.1327782646801051
306,0.2666666666666666,0.1332164767747589
307,0.2666666666666666,0.1336546888694127
308,0.2666666666666666,0.1340929009640666
309,0.2666666666666666,0.1345311130587204
310,0.2666666666666666,0.1349693251533742
311,0.2666666666666666,0.135407537248028
312,0.2666666666666666,0.1358457493426818
313,0.2666666666666666,0.1362839614373356
314,0.2666666666666666,0.1367221735319894
315,0.2666666666666666,0.1371603856266433
316,0.2666666666666666,0.1375985977212971
317,0.2666666666666666,0.1380368098159509
318,0.2666666666666666,0.1384750219106047
319,0.2666666666666666,0.1389132340052585
320,0.2666666666666666,0.1393514460999123
321,0.2666666666666666,0.1397896581945661
322,0.2666666666666666,0.1402278702892199
323,0.2666666666666666,0.1406660823838738
324,0.2666666666666666,0.1411042944785276
325,0.2666666666666666,0.1415425065731814
326,0.2666666666666666,0.1419807186678352
327,0.2666666666666666,0.142418930762489
328,0.2666666666666666,0.1428571428571428
329,0.2666666666666666,0.1432953549517966
330,0.2666666666666666,0.1437335670464505
331,0.2666666666666666,0.1441717791411043
332,0.2666666666666666,0.1446099912357581
333,0.2666666666666666,0.1450482033304119
334,0.2666666666666666,0.1454864154250657
335,0.2666666666666666,0.1459246275197195
336,0.2666666666666666,0.1463628396143733
337,0.2666666666666666,0.1468010517090271
338,0.2666666666666666,0.147239263803681
339,0.2666666666666666,0.1476774758983348
340,0.2666666666666666,0.1481156879929886
341,0.2666666666666666,0.1485539000876424
342,0.2666666666666666,0.1489921121822962
343,0.55555,0.1489921121822962
344,0.55555,0.14943032427695
345,0.55555,0.1498685363716038
346,0.55555,0.1503067484662576
347,0.55555,0.1507449605609114
348,0.55555,0.1511831726555653
349,0.55555,0.1516213847502191
350,0.55555,0.1520595968448729
351,0.55555,0.1524978089395267
352,0.55555,0.1529360210341805
353,0.55555,0.1533742331288343
354,0.55555,0.1538124452234881
355,0.55555,0.1542506573181419
356,0.55555,0.1546888694127958
357,0.55555,0.1551270815074496
358,0.55555,0.1555652936021034
359,0.55555,0.1560035056967572
360,0.55555,0.1560035056967572
361,0.55555,0.156441717791411
362,0.55555,0.1568799298860648
363,0.55555,0.1573181419807186
364,0.55555,0.1577563540753724
365,0.55555,0.1581945661700262
366,0.55555,0.1586327782646801
367,0.55555,0.1590709903593339
368,0.55555,0.1595092024539877
369,0.55555,0.1599474145486415
370,0.55555,0.1603856266432953
371,0.55555,0.1608238387379491
372,0.55555,0.1612620508326029
373,0.55555,0.1617002629272567
374,0.55555,0.1621384750219106
375,0.55555,0.1625766871165644
376,0.55555,0.1630148992112182
377,0.55555,0.163453111305872
378,0.55555,0.1638913234005258
379,0.55555,0.1643295354951796
380,0.55555,0.1647677475898334
381,0.55555,0.1652059596844872
382,0.55555,0.1656441717791411
383,0.55555,0.1660823838737949
384,0.55555,0.1660823838737949
385,0.55555,0.1665205959684487
386,0.55555,0.1669588080631025
387,0.55555,0.1673970201577563
388,0.55555,0.1678352322524101
389,0.55555,0.1682734443470639
390,0.55555,0.1687116564417178
391,0.55555,0.1691498685363716
392,0.55555,0.1695880806310254
393,0.55555,0.1700262927256792
394,0.55555,0.170464504820333
395,0.55555,0.1709027169149868
396,0.55555,0.1713409290096406
397,0.55555,0.1717791411042944
398,0.55555,0.1722173531989483
399,0.55555,0.1726555652936021
400,0.55555,0.1730937773882559
401,0.55555,0.1735319894829097
402,0.55555,0.1739702015775635
403,0.55555,0.1744084136722173
404,0.55555,0.1748466257668711
405,0.55555,0.175284837861525
406,0.55555,0.1757230499561788
407,0.55555,0.1761612620508326
408,0.55555,0.1765994741454864
409,0.55555,0.1770376862401402
410,0.55555,0.177475898334794
411,0.55555,0.1779141104294478
412,0.55555,0.1783523225241016
413,0.55555,0.1787905346187554
414,0.55555,0.1792287467134093
415,0.55555,0.1796669588080631
416,0.55555,0.1801051709027169
417,0.55555,0.1805433829973707
418,0.55555,0.1809815950920245
419,0.55555,0.1814198071866783
420,0.55555,0.1818580192813321
421,0.55555,0.1822962313759859
422,0.55555,0.1827344434706398
423,0.55555,0.1831726555652936
424,0.55555,0.1836108676599474
425,0.55555,0.1840490797546012
426,0.55555,0.184487291849255
427,0.55555,0.1849255039439088
428,0.55555,0.1853637160385626
429,0.55555,0.1853637160385626
430,0.55555,0.1858019281332164
431,0.55555,0.1862401402278702
432,0.55555,0.1866783523225241
433,0.55555,0.1871165644171779
434,0.55555,0.1875547765118317
435,0.55555,0.1879929886064855
436,0.55555,0.1884312007011393
437,0.55555,0.1888694127957931
438,0.55555,0.1893076248904469
439,0.55555,0.1897458369851007
440,0.55555,0.1901840490797546
441,0.55555,0.1906222611744084
442,0.55555,0.1910604732690622
443,0.55555,0.191498685363716
444,0.55555,0.1919368974583698
445,0.55555,0.1923751095530236
446,0.55555,0.1928133216476774
447,0.55555,0.1932515337423312
448,0.55555,0.1936897458369851
449,0.55555,0.1941279579316389
450,0.55555,0.1945661700262927
451,0.55555,0.1950043821209465
452,0.55555,0.1954425942156003
453,0.55555,0.1958808063102541
454,0.55555,0.1963190184049079
455,0.55555,0.1967572304995617
456,0.55555,0.1971954425942156
457,0.55555,0.1976336546888694
458,0.55555,0.1980718667835232
459,0.55555,0.198510078878177
460,0.55555,0.1989482909728308
461,0.55555,0.1993865030674846
462,0.55555,0.1998247151621384
463,0.55555,0.2002629272567923
464,0.55555,0.2007011393514461
465,0.55555,0.2011393514460999
466,0.55555,0.2015775635407537
467,0.55555,0.2020157756354075
468,0.55555,0.2024539877300613
469,0.55555,0.2028921998247151
470,0.55555,0.203330411919369
471,0.55555,0.2037686240140228
472,0.55555,0.2042068361086766
473,0.55555,0.2046450482033304
474,0.55555,0.2050832602979842
475,0.55555,0.205521472392638
476,0.55555,0.2059596844872918
477,0.55555,0.2063978965819456
478,0.55555,0.2068361086765994
479,0.55555,0.2072743207712533
480,0.55555,0.2077125328659071
481,0.55555,0.2081507449605609
482,0.55555,0.2085889570552147
483,0.55555,0.2090271691498685
484,0.55555,0.2094653812445223
485,0.55555,0.2099035933391761
486,0.55555,0.2103418054338299
487,0.55555,0.2107800175284838
488,0.55555,0.2112182296231376
489,0.55555,0.2116564417177914
490,0.55555,0.2120946538124452
491,0.55555,0.212532865907099
492,0.55555,0.2129710780017528
493,0.55555,0.2134092900964066
494,0.55555,0.2138475021910604
495,0.55555,0.2142857142857142
496,0.55555,0.2147239263803681
497,0.55555,0.2151621384750219
498,0.55555,0.2156003505696757
499,0.55555,0.2160385626643295
500,0.55555,0.2164767747589833
501,0.55555,0.2169149868536371
502,0.55555,0.2173531989482909
503,0.55555,0.2177914110429447
504,0.55555,0.2182296231375986
505,0.55555,0.2186678352322524
506,0.55555,0.2191060473269062
507,0.55555,0.21954425942156
508,0.55555,0.2199824715162138
509,0.55555,0.2199824715162138
510,0.55555,0.2204206836108676
511,0.55555,0.2208588957055214
512,0.55555,0.2212971078001752
513,0.55555,0.221735319894829
514,0.55555,0.2221735319894829
515,0.55555,0.2226117440841367
516,0.55555,0.2230499561787905
517,0.55555,0.2234881682734443
518,0.55555,0.2239263803680981
519,0.55555,0.2243645924627519
520,0.55555,0.2248028045574057
521,0.55555,0.2252410166520596
522,0.55555,0.2256792287467134
523,0.55555,0.2261174408413672
524,0.55555,0.226555652936021
525,0.55555,0.2269938650306748
526,0.55555,0.2274320771253286
527,0.55555,0.2278702892199824
528,0.55555,0.2283085013146363
529,0.55555,0.2287467134092901
530,0.55555,0.2291849255039439
531,0.55555,0.2296231375985977
532,0.55555,0.2300613496932515
533,0.55555,0.2304995617879053
534,0.55555,0.2309377738825591
535,0.55555,0.2313759859772129
536,0.55555,0.2318141980718668
537,0.55555,0.2322524101665206
538,0.55555,0.2326906222611744
539,0.55555,0.2331288343558282
540,0.55555,0.233567046450482
541,0.55555,0.2340052585451358
542,0.55555,0.2344434706397896
543,0.55555,0.2348816827344434
544,0.55555,0.2353198948290973
545,0.55555,0.2357581069237511
546,0.55555,0.2361963190184049
547,0.55555,0.2366345311130587
548,0.55555,0.2370727432077125
549,0.55555,0.2375109553023663
550,0.55555,0.2379491673970201
551,0.55555,0.2383873794916739
552,0.55555,0.2388255915863278
553,0.55555,0.2392638036809816
554,0.58666,0.2392638036809816
555,0.58666,0.2397020157756354
556,0.58666,0.2401402278702892
557,0.58666,0.240578439964943
558,0.58666,0.2410166520595968
559,0.58666,0.2414548641542506
560,0.58666,0.2418930762489044
561,0.58666,0.2423312883435582
562,0.58666,0.2427695004382121
563,0.58666,0.2432077125328659
564,0.58666,0.2436459246275197
565,0.58666,0.2440841367221735
566,0.58666,0.2445223488168273
567,0.58666,0.2449605609114811
568,0.58666,0.2453987730061349
569,0.58666,0.2458369851007887
570,0.58666,0.2462751971954426
571,0.58666,0.2467134092900964
572,0.58666,0.2471516213847502
573,0.58666,0.247589833479404
574,0.58666,0.2480280455740578
575,0.58666,0.2484662576687116
576,0.58666,0.2489044697633654
577,0.58666,0.2493426818580192
578,0.58666,0.249780893952673
579,0.58666,0.2502191060473269
580,0.58666,0.2506573181419807
581,0.58666,0.2510955302366345
582,0.58666,0.2515337423312883
583,0.58666,0.2519719544259421
584,0.58666,0.2524101665205959
585,0.58666,0.2528483786152498
586,0.58666,0.2532865907099036
587,0.58666,0.2537248028045574
588,0.58666,0.2541630148992112
589,0.58666,0.254601226993865
590,0.58666,0.2550394390885188
591,0.58666,0.2554776511831726
592,0.58666,0.2559158632778264
593,0.58666,0.2563540753724803
594,0.58666,0.2567922874671341
595,0.58666,0.2572304995617879
596,0.58666,0.2576687116564417
597,0.58666,0.2581069237510955
598,0.58666,0.2585451358457493
599,0.58666,0.2589833479404032
600,0.58666,0.2594215600350569
601,0.58666,0.2598597721297108
602,0.58666,0.2602979842243645
603,0.58666,0.2607361963190184
604,0.58666,0.2611744084136722
605,0.58666,0.261612620508326
606,0.58666,0.2620508326029798
607,0.58666,0.2624890446976337
608,0.58666,0.2629272567922874
609,0.58666,0.2633654688869413
610,0.58666,0.263803680981595
611,0.58666,0.2642418930762489
612,0.58666,0.2646801051709027
613,0.58666,0.2651183172655565
614,0.58666,0.2655565293602103
615,0.58666,0.2659947414548642
616,0.58666,0.2664329535495179
617,0.58666,0.2668711656441718
618,0.58666,0.2673093777388255
619,0.58666,0.2677475898334794
620,0.58666,0.2681858019281332
621,0.58666,0.2681858019281332
622,0.7,0.2681858019281332
623,0.7,0.268624014022787
624,0.7,0.2690622261174408
625,0.7,0.2695004382120946
626,0.7,0.2699386503067484
627,0.7,0.2703768624014023
628,0.7,0.2708150744960561
629,0.7,0.2712532865907099
630,0.7,0.2716914986853637
631,0.7,0.2721297107800175
632,0.7,0.2725679228746713
633,0.7,0.2730061349693251
634,0.7,0.2734443470639789
635,0.7,0.2738825591586328
636,0.7,0.2743207712532866
637,0.7,0.2747589833479404
638,0.7,0.2751971954425942
639,0.7,0.275635407537248
640,0.7,0.2760736196319018
641,0.7,0.2765118317265556
642,0.7,0.2769500438212094
643,0.7,0.2773882559158633
644,0.7,0.2778264680105171
645,0.7,0.2782646801051709
646,0.7,0.2787028921998247
647,0.7,0.2791411042944785
648,0.7,0.2795793163891323
649,0.7,0.2800175284837861
650,0.7,0.2804557405784399
651,0.7,0.2808939526730937
652,0.7,0.2813321647677476
653,0.7,0.2817703768624014
654,0.7,0.2822085889570552
655,0.7,0.282646801051709
656,0.7,0.2830850131463628
657,0.7,0.2835232252410166
658,0.7,0.2839614373356705
659,0.7,0.2843996494303242
660,0.7,0.2848378615249781
661,0.7,0.2852760736196319
662,0.7,0.2857142857142857
663,0.7,0.2861524978089395
664,0.7,0.2865907099035933
665,0.7,0.2870289219982471
666,0.7,0.287467134092901
667,0.7,0.2879053461875547
668,0.7,0.2883435582822086
669,0.7,0.2887817703768624
670,0.7,0.2892199824715162
671,0.7,0.28965819456617
672,0.7,0.2900964066608238
673,0.7,0.2905346187554776
674,0.7,0.2909728308501315
675,0.7,0.2914110429447852
676,0.7,0.2918492550394391
677,0.7,0.2922874671340929
678,0.7,0.2927256792287467
679,0.7,0.2931638913234005
680,0.7,0.2936021034180543
681,0.7,0.2940403155127081
682,0.7,0.294478527607362
683,0.7,0.2949167397020157
684,0.7,0.2953549517966696
685,0.7,0.2957931638913234
686,0.7,0.2962313759859772
687,0.7,0.296669588080631
688,0.7,0.2971078001752848
689,0.7,0.2975460122699386
690,0.7,0.2979842243645925
691,0.7,0.2984224364592462
692,0.7,0.2988606485539001
693,0.7,0.2992988606485539
694,0.7,0.2997370727432077
695,0.7,0.3001752848378615
696,0.7,0.3006134969325153
697,0.7,0.3010517090271691
698,0.7,0.3014899211218229
699,0.7,0.3019281332164767
700,0.7,0.3023663453111306
701,0.7,0.3028045574057844
702,0.7,0.3032427695004382
703,0.7,0.303680981595092
704,0.7,0.3041191936897458
705,0.7,0.3045574057843996
706,0.75,0.3045574057843996
707,0.75,0.3049956178790534
708,0.75,0.3054338299737072
709,0.75,0.3058720420683611
710,0.75,0.3063102541630149
711,0.75,0.3067484662576687
712,0.75,0.3071866783523225
713,0.75,0.3076248904469763
714,0.75,0.3080631025416301
715,0.75,0.3085013146362839
716,0.75,0.3089395267309378
717,0.75,0.3093777388255916
718,0.75,0.3098159509202454
719,0.75,0.3102541630148992
720,0.75,0.310692375109553
721,0.75,0.3111305872042068
722,0.75,0.3115687992988606
723,0.75,0.3120070113935144
724,0.75,0.3124452234881683
725,0.75,0.3128834355828221
726,0.75,0.3133216476774759
727,0.75,0.3137598597721297
728,0.75,0.3141980718667835
729,0.75,0.3146362839614373
730,0.75,0.3150744960560911
731,0.75,0.3155127081507449
732,0.75,0.3159509202453988
733,0.75,0.3163891323400525
734,0.75,0.3168273444347064
735,0.75,0.3172655565293602
736,0.75,0.317703768624014
737,0.75,0.3181419807186678
738,0.75,0.3185801928133216
739,0.75,0.3190184049079754
740,0.75,0.3194566170026293
741,0.75,0.319894829097283
742,0.75,0.3203330411919369
743,0.75,0.3207712532865907
744,0.75,0.3212094653812445
745,0.75,0.3216476774758983
746,0.75,0.3220858895705521
747,0.75,0.3225241016652059
748,0.75,0.3229623137598598
749,0.75,0.3234005258545135
750,0.75,0.3238387379491674
751,0.75,0.3242769500438212
752,0.75,0.324715162138475
753,0.75,0.3251533742331288
754,0.75,0.3255915863277826
755,0.75,0.3260297984224364
756,0.75,0.3264680105170903
757,0.75,0.326906222611744
758,0.75,0.3273444347063979
759,0.75,0.3277826468010517
760,0.75,0.3282208588957055
761,0.75,0.3286590709903593
762,0.75,0.3290972830850131
763,0.75,0.3295354951796669
764,0.75,0.3299737072743208
765,0.75,0.3304119193689745
766,0.75,0.3308501314636284
767,0.75,0.3312883435582822
768,0.75,0.331726555652936
769,0.75,0.3321647677475898
770,0.75,0.3326029798422436
771,0.75,0.3330411919368974
772,0.75,0.3334794040315513
773,0.75,0.3339176161262051
774,0.75,0.3343558282208589
775,0.75,0.3347940403155127
776,0.75,0.3352322524101665
777,0.75,0.3356704645048203
778,0.75,0.3361086765994741
779,0.75,0.3365468886941279
780,0.75,0.3369851007887817
781,0.75,0.3374233128834356
782,0.75,0.3378615249780894
783,0.75,0.3382997370727432
784,0.75,0.338737949167397
785,0.75,0.3391761612620508
786,0.75,0.3396143733567046
787,0.75,0.3400525854513584
788,0.75,0.3404907975460122
789,0.75,0.3409290096406661
790,0.75,0.3413672217353199
791,0.75,0.3418054338299737
792,0.75,0.3422436459246275
793,0.75,0.3426818580192813
794,0.75,0.3431200701139351
795,0.75,0.3435582822085889
796,0.75,0.3439964943032427
797,0.75,0.3444347063978966
798,0.75,0.3448729184925504
799,0.75,0.3453111305872042
800,0.75,0.345749342681858
801,0.75,0.3461875547765118
802,0.75,0.3466257668711656
803,0.75,0.3470639789658195
804,0.75,0.3475021910604732
805,0.75,0.3479404031551271
806,0.75,0.3483786152497809
807,0.75,0.3488168273444347
808,0.75,0.3492550394390885
809,0.75,0.3496932515337423
810,0.75,0.3501314636283961
811,0.75,0.35056967572305
812,0.75,0.3510078878177037
813,0.75,0.3514460999123576
814,0.75,0.3518843120070113
815,0.75,0.3523225241016652
816,0.75,0.352760736196319
817,0.75,0.3531989482909728
818,0.75,0.3536371603856266
819,0.75,0.3540753724802805
820,0.75,0.3545135845749342
821,0.75,0.3549517966695881
822,0.75,0.3553900087642418
823,0.75,0.3558282208588957
824,0.75,0.3562664329535495
825,0.75,0.3567046450482033
826,0.75,0.3571428571428571
827,0.75,0.3575810692375109
828,0.75,0.3580192813321647
829,0.75,0.3584574934268186
830,0.75,0.3588957055214724
831,0.75,0.3593339176161262
832,0.75,0.35977212971078
833,0.75,0.3602103418054338
834,0.75,0.3606485539000876
835,0.75,0.3610867659947414
836,0.75,0.3615249780893952
837,0.75,0.3619631901840491
838,0.75,0.3624014022787029
839,0.75,0.3628396143733567
840,0.75,0.3632778264680105
841,0.75,0.3637160385626643
842,0.75,0.3641542506573181
843,0.75,0.3645924627519719
844,0.75,0.3650306748466257
845,0.75,0.3654688869412796
846,0.75,0.3659070990359334
847,0.75,0.3663453111305872
848,0.75,0.366783523225241
849,0.75,0.3672217353198948
850,0.75,0.3676599474145486
851,0.75,0.3680981595092024
852,0.75,0.3685363716038562
853,0.75,0.3689745836985101
854,0.75,0.3694127957931639
855,0.75,0.3698510078878177
856,0.75,0.3702892199824715
857,0.75,0.3707274320771253
858,0.75,0.3711656441717791
859,0.75,0.3716038562664329
860,0.75,0.3720420683610868
861,0.75,0.3724802804557405
862,0.75,0.3729184925503944
863,0.75,0.3733567046450482
864,0.75,0.373794916739702
865,0.75,0.3742331288343558
866,0.75,0.3746713409290096
867,0.75,0.3751095530236634
868,0.75,0.3755477651183173
869,0.75,0.375985977212971
870,0.75,0.3764241893076249
871,0.75,0.3768624014022787
872,0.75,0.3773006134969325
873,0.75,0.3777388255915863
874,0.75,0.3781770376862401
875,0.75,0.3786152497808939
876,0.75,0.3790534618755478
877,0.75,0.3794916739702015
878,0.75,0.3799298860648554
879,0.75,0.3803680981595092
880,0.75,0.380806310254163
881,0.75,0.3812445223488168
882,0.75,0.3816827344434706
883,0.75,0.3821209465381244
884,0.75,0.3825591586327783
885,0.75,0.382997370727432
886,0.75,0.3834355828220859
887,0.75,0.3838737949167397
888,0.75,0.3843120070113935
889,0.75,0.3847502191060473
890,0.75,0.3851884312007011
891,0.75,0.3856266432953549
892,0.75,0.3860648553900088
893,0.75,0.3865030674846625
894,0.75,0.3869412795793164
895,0.75,0.3873794916739702
896,0.75,0.387817703768624
897,0.75,0.3882559158632778
898,0.75,0.3886941279579316
899,0.75,0.3891323400525854
900,0.75,0.3895705521472393
901,0.75,0.390008764241893
902,0.75,0.3904469763365469
903,0.75,0.3908851884312007
904,0.75,0.3913234005258545
905,0.75,0.3917616126205083
906,0.75,0.3921998247151621
907,0.75,0.3926380368098159
908,0.75,0.3930762489044697
909,0.75,0.3935144609991235
910,0.75,0.3939526730937774
911,0.75,0.3943908851884312
912,0.75,0.394829097283085
913,0.75,0.3952673093777388
914,0.75,0.3957055214723926
915,0.75,0.3961437335670464
916,0.75,0.3965819456617002
917,0.75,0.3970201577563541
918,0.75,0.3974583698510079
919,0.75,0.3978965819456617
920,0.75,0.3983347940403155
921,0.75,0.3987730061349693
922,0.75,0.3992112182296231
923,0.75,0.3996494303242769
924,0.75,0.4000876424189307
925,0.75,0.4005258545135846
926,0.75,0.4009640666082384
927,0.75,0.4014022787028922
928,0.75,0.401840490797546
929,0.75,0.4022787028921998
930,0.75,0.4027169149868536
931,0.75,0.4031551270815074
932,0.75,0.4035933391761612
933,0.75,0.4040315512708151
934,0.75,0.4044697633654688
935,0.75,0.4049079754601227
936,0.75,0.4053461875547765
937,0.75,0.4057843996494303
938,0.75,0.4062226117440841
939,0.75,0.406660823838738
940,0.75,0.4070990359333917
941,0.75,0.4075372480280456
942,0.75,0.4079754601226993
943,0.75,0.4084136722173532
944,0.75,0.408851884312007
945,0.75,0.4092900964066608
946,0.75,0.4097283085013146
947,0.75,0.4101665205959685
948,0.75,0.4106047326906222
949,0.75,0.4110429447852761
950,0.75,0.4114811568799298
951,0.75,0.4119193689745837
952,0.75,0.4123575810692375
953,0.75,0.4127957931638913
954,0.75,0.4132340052585451
955,0.75,0.4136722173531989
956,0.75,0.4141104294478527
957,0.75,0.4145486415425066
958,0.75,0.4149868536371603
959,0.75,0.4154250657318142
960,0.75,0.415863277826468
961,0.75,0.4163014899211218
962,0.75,0.4167397020157756
963,0.75,0.4171779141104294
964,0.75,0.4176161262050832
965,0.75,0.4180543382997371
966,0.75,0.4184925503943908
967,0.75,0.4189307624890447
968,0.75,0.4193689745836985
969,0.75,0.4198071866783523
970,0.75,0.4202453987730061
971,0.75,0.4206836108676599
972,0.75,0.4211218229623137
973,0.75,0.4215600350569676
974,0.75,0.4219982471516214
975,0.75,0.4224364592462752
976,0.75,0.422874671340929
977,0.75,0.4233128834355828
978,0.75,0.4237510955302366
979,0.75,0.4241893076248904
980,0.75,0.4246275197195442
981,0.75,0.425065731814198
982,0.75,0.4255039439088519
983,0.75,0.4259421560035057
984,0.75,0.4263803680981595
985,0.75,0.4268185801928133
986,0.75,0.4272567922874671
987,0.75,0.4276950043821209
988,0.75,0.4281332164767747
989,0.75,0.4285714285714285
990,0.75,0.4290096406660824
991,0.75,0.4294478527607362
992,0.75,0.42988606485539
993,0.75,0.4303242769500438
994,0.75,0.4307624890446976
995,0.75,0.4312007011393514
996,0.75,0.4316389132340053
997,0.75,0.432077125328659
998,0.75,0.4325153374233129
999,0.75,0.4329535495179667
1000,0.75,0.4333917616126205
1001,0.75,0.4338299737072743
1002,0.75,0.4342681858019281
1003,0.75,0.4347063978965819
1004,0.75,0.4351446099912358
1005,0.75,0.4355828220858895
1006,0.75,0.4360210341805434
1007,0.8222222222222222,0.4360210341805434
1008,0.8222222222222222,0.4364592462751972
1009,0.8222222222222222,0.436897458369851
1010,0.8222222222222222,0.4373356704645048
1011,0.8222222222222222,0.4377738825591586
1012,0.8222222222222222,0.4382120946538124
1013,0.8222222222222222,0.4386503067484663
1014,0.8222222222222222,0.43908851884312
1015,0.8222222222222222,0.4395267309377739
1016,0.8222222222222222,0.4399649430324276
1017,0.8222222222222222,0.4404031551270815
1018,0.8222222222222222,0.4408413672217353
1019,0.8222222222222222,0.4412795793163891
1020,0.8222222222222222,0.4417177914110429
1021,0.8222222222222222,0.4421560035056968
1022,0.8222222222222222,0.4425942156003505
1023,0.8222222222222222,0.4430324276950044
1024,0.8222222222222222,0.4434706397896581
1025,0.8222222222222222,0.443908851884312
1026,0.8222222222222222,0.4443470639789658
1027,0.8222222222222222,0.4447852760736196
1028,0.8222222222222222,0.4452234881682734
1029,0.8222222222222222,0.4456617002629272
1030,0.8222222222222222,0.446099912357581
1031,0.8222222222222222,0.4465381244522349
1032,0.8222222222222222,0.4469763365468887
1033,0.8222222222222222,0.4474145486415425
1034,0.8222222222222222,0.4478527607361963
1035,0.8222222222222222,0.4482909728308501
1036,0.8222222222222222,0.4487291849255039
1037,0.8222222222222222,0.4491673970201577
1038,0.8222222222222222,0.4496056091148115
1039,0.8222222222222222,0.4500438212094654
1040,0.8222222222222222,0.4504820333041192
1041,0.8222222222222222,0.450920245398773
1042,0.8222222222222222,0.4513584574934268
1043,0.8222222222222222,0.4517966695880806
1044,0.8222222222222222,0.4522348816827344
1045,0.8222222222222222,0.4526730937773882
1046,0.8222222222222222,0.453111305872042
1047,0.8222222222222222,0.4535495179666959
1048,0.8222222222222222,0.4539877300613497
1049,0.8222222222222222,0.4544259421560035
1050,0.8222222222222222,0.4548641542506573
1051,0.8222222222222222,0.4553023663453111
1052,0.8222222222222222,0.4557405784399649
1053,0.8222222222222222,0.4561787905346187
1054,0.8222222222222222,0.4566170026292726
1055,0.8222222222222222,0.4570552147239264
1056,0.8222222222222222,0.4574934268185802
1057,0.8222222222222222,0.457931638913234
1058,0.8222222222222222,0.4583698510078878
1059,0.8222222222222222,0.4588080631025416
1060,0.8222222222222222,0.4592462751971954
1061,0.8222222222222222,0.4596844872918492
1062,0.8222222222222222,0.4601226993865031
1063,0.8222222222222222,0.4605609114811568
1064,0.8222222222222222,0.4609991235758107
1065,0.8222222222222222,0.4614373356704645
1066,0.8222222222222222,0.4618755477651183
1067,0.8222222222222222,0.4623137598597721
1068,0.8222222222222222,0.4627519719544259
1069,0.8222222222222222,0.4631901840490797
1070,0.8222222222222222,0.4636283961437336
1071,0.8222222222222222,0.4640666082383873
1072,0.8222222222222222,0.4645048203330412
1073,0.8222222222222222,0.464943032427695
1074,0.8222222222222222,0.4653812445223488
1075,0.8222222222222222,0.4658194566170026
1076,0.8222222222222222,0.4662576687116564
1077,0.8222222222222222,0.4666958808063102
1078,0.8222222222222222,0.4671340929009641
1079,0.8222222222222222,0.4675723049956178
1080,0.8222222222222222,0.4680105170902717
1081,0.8222222222222222,0.4684487291849255
1082,0.8222222222222222,0.4688869412795793
1083,0.8222222222222222,0.4693251533742331
1084,0.8222222222222222,0.4697633654688869
1085,0.8222222222222222,0.4702015775635407
1086,0.8222222222222222,0.4706397896581946
1087,0.8222222222222222,0.4710780017528483
1088,0.8222222222222222,0.4715162138475022
1089,0.8222222222222222,0.471954425942156
1090,0.8222222222222222,0.4723926380368098
1091,0.8222222222222222,0.4728308501314636
1092,0.8222222222222222,0.4732690622261174
1093,0.8222222222222222,0.4737072743207712
1094,0.8222222222222222,0.4741454864154251
1095,0.8222222222222222,0.4745836985100788
1096,0.8222222222222222,0.4750219106047327
1097,0.8222222222222222,0.4754601226993865
1098,0.8222222222222222,0.4758983347940403
1099,0.8222222222222222,0.4763365468886941
1100,0.8222222222222222,0.4767747589833479
1101,0.8222222222222222,0.4772129710780017
1102,0.8222222222222222,0.4776511831726556
1103,0.8222222222222222,0.4780893952673093
1104,0.8222222222222222,0.4785276073619632
1105,0.8222222222222222,0.478965819456617
1106,0.8222222222222222,0.4794040315512708
1107,0.8222222222222222,0.4798422436459246
1108,0.8222222222222222,0.4802804557405784
1109,0.8222222222222222,0.4807186678352322
1110,0.8222222222222222,0.481156879929886
1111,0.8222222222222222,0.4815950920245399
1112,0.8222222222222222,0.4820333041191937
1113,0.8222222222222222,0.4824715162138475
1114,0.8222222222222222,0.4829097283085013
1115,0.8222222222222222,0.4833479404031551
1116,0.8222222222222222,0.4837861524978089
1117,0.8222222222222222,0.4842243645924627
1118,0.8222222222222222,0.4846625766871165
1119,0.8222222222222222,0.4851007887817704
1120,0.8222222222222222,0.4855390008764242
1121,0.8222222222222222,0.485977212971078
1122,0.8222222222222222,0.4864154250657318
1123,0.8222222222222222,0.4868536371603856
1124,0.8222222222222222,0.4872918492550394
1125,0.8222222222222222,0.4877300613496932
1126,0.8222222222222222,0.488168273444347
1127,0.8222222222222222,0.4886064855390009
1128,0.8222222222222222,0.4890446976336547
1129,0.8222222222222222,0.4894829097283085
1130,0.8222222222222222,0.4899211218229623
1131,0.8222222222222222,0.4903593339176161
1132,0.8222222222222222,0.4907975460122699
1133,0.8222222222222222,0.4912357581069237
1134,0.8222222222222222,0.4916739702015775
1135,0.8222222222222222,0.4921121822962314
1136,0.8222222222222222,0.4925503943908852
1137,0.8222222222222222,0.492988606485539
1138,0.8222222222222222,0.4934268185801928
1139,0.8222222222222222,0.4938650306748466
1140,0.8222222222222222,0.4943032427695004
1141,0.8222222222222222,0.4947414548641543
1142,0.8222222222222222,0.495179666958808
1143,0.8222222222222222,0.4956178790534619
1144,0.8222222222222222,0.4960560911481156
1145,0.8222222222222222,0.4964943032427695
1146,0.8222222222222222,0.4969325153374233
1147,0.8222222222222222,0.4973707274320771
1148,0.8222222222222222,0.4978089395267309
1149,0.8222222222222222,0.4982471516213848
1150,0.8222222222222222,0.4986853637160385
1151,0.8222222222222222,0.4991235758106924
1152,0.8222222222222222,0.4995617879053461
1153,0.8222222222222222,0.5
1154,0.8222222222222222,0.5004382120946538
1155,0.8222222222222222,0.5008764241893077
1156,0.8222222222222222,0.5013146362839614
1157,0.8222222222222222,0.5017528483786152
1158,0.8222222222222222,0.5021910604732691
1159,0.8222222222222222,0.5026292725679229
1160,0.8222222222222222,0.5030674846625767
1161,0.8222222222222222,0.5035056967572304
1162,0.8222222222222222,0.5039439088518843
1163,0.8222222222222222,0.5043821209465381
1164,0.8222222222222222,0.5048203330411919
1165,0.8222222222222222,0.5052585451358458
1166,0.8222222222222222,0.5056967572304996
1167,0.8222222222222222,0.5061349693251533
1168,0.8222222222222222,0.5065731814198072
1169,0.8222222222222222,0.507011393514461
1170,0.8222222222222222,0.5074496056091148
1171,0.8222222222222222,0.5078878177037687
1172,0.8222222222222222,0.5083260297984225
1173,0.8222222222222222,0.5087642418930762
1174,0.8222222222222222,0.50920245398773
1175,0.8222222222222222,0.5096406660823839
1176,0.8222222222222222,0.5100788781770377
1177,0.8222222222222222,0.5105170902716915
1178,0.8222222222222222,0.5109553023663453
1179,0.8222222222222222,0.5113935144609991
1180,0.8222222222222222,0.5118317265556529
1181,0.8222222222222222,0.5122699386503068
1182,0.8222222222222222,0.5127081507449606
1183,0.8222222222222222,0.5131463628396143
1184,0.8222222222222222,0.5135845749342682
1185,0.8222222222222222,0.514022787028922
1186,0.8222222222222222,0.5144609991235758
1187,0.8222222222222222,0.5148992112182296
1188,0.8222222222222222,0.5153374233128835
1189,0.8222222222222222,0.5157756354075372
1190,0.8222222222222222,0.516213847502191
1191,0.8222222222222222,0.5166520595968449
1192,0.8222222222222222,0.5170902716914987
1193,0.8222222222222222,0.5175284837861525
1194,0.8222222222222222,0.5179666958808063
1195,0.8222222222222222,0.5184049079754601
1196,0.8222222222222222,0.5188431200701139
1197,0.8222222222222222,0.5192813321647678
1198,0.8222222222222222,0.5197195442594216
1199,0.8222222222222222,0.5201577563540754
1200,0.8222222222222222,0.5205959684487291
1201,0.8222222222222222,0.521034180543383
1202,0.8222222222222222,0.5214723926380368
1203,0.8222222222222222,0.5219106047326906
1204,0.8777777777777778,0.5219106047326906
1205,0.8777777777777778,0.5223488168273445
1206,0.8777777777777778,0.5227870289219982
1207,0.8777777777777778,0.523225241016652
1208,0.8777777777777778,0.5236634531113059
1209,0.8777777777777778,0.5241016652059597
1210,0.8777777777777778,0.5245398773006135
1211,0.8777777777777778,0.5249780893952674
1212,0.8777777777777778,0.5254163014899211
1213,0.8777777777777778,0.5258545135845749
1214,0.8777777777777778,0.5262927256792288
1215,0.8777777777777778,0.5267309377738826
1216,0.8777777777777778,0.5271691498685364
1217,0.8777777777777778,0.5276073619631901
1218,0.8777777777777778,0.528045574057844
1219,0.8777777777777778,0.5284837861524978
1220,0.8777777777777778,0.5289219982471516
1221,0.8777777777777778,0.5293602103418055
1222,0.8777777777777778,0.5297984224364592
1223,0.8777777777777778,0.530236634531113
1224,0.8777777777777778,0.5306748466257669
1225,0.8777777777777778,0.5311130587204207
1226,0.8777777777777778,0.5315512708150745
1227,0.8777777777777778,0.5319894829097284
1228,0.8777777777777778,0.5324276950043821
1229,0.8777777777777778,0.5328659070990359
1230,0.8777777777777778,0.5333041191936897
1231,0.8777777777777778,0.5337423312883436
1232,0.8777777777777778,0.5341805433829974
1233,0.9333333333333333,0.5341805433829974
1234,0.9333333333333333,0.5346187554776511
1235,0.9333333333333333,0.535056967572305
1236,0.9333333333333333,0.5354951796669588
1237,0.9333333333333333,0.5359333917616126
1238,0.9333333333333333,0.5363716038562665
1239,0.9333333333333333,0.5368098159509203
1240,0.9333333333333333,0.537248028045574
1241,0.9333333333333333,0.5376862401402279
1242,0.9333333333333333,0.5381244522348817
1243,0.9333333333333333,0.5385626643295355
1244,0.9333333333333333,0.5390008764241893
1245,0.9333333333333333,0.5394390885188431
1246,0.9333333333333333,0.5398773006134969
1247,0.9333333333333333,0.5403155127081507
1248,0.9333333333333333,0.5407537248028046
1249,0.9333333333333333,0.5411919368974584
1250,0.9333333333333333,0.5416301489921121
1251,0.9888888888888888,0.5416301489921121
1252,0.9888888888888888,0.542068361086766
1253,0.9888888888888888,0.5425065731814198
1254,0.9888888888888888,0.5429447852760736
1255,0.9888888888888888,0.5433829973707275
1256,0.9888888888888888,0.5438212094653813
1257,0.9888888888888888,0.544259421560035
1258,0.9888888888888888,0.5446976336546888
1259,0.9888888888888888,0.5451358457493427
1260,0.9888888888888888,0.5455740578439965
1261,0.9888888888888888,0.5460122699386503
1262,0.9888888888888888,0.5464504820333042
1263,0.9888888888888888,0.5468886941279579
1264,0.9888888888888888,0.5473269062226117
1265,0.9888888888888888,0.5477651183172656
1266,0.9888888888888888,0.5482033304119194
1267,0.9888888888888888,0.5486415425065732
1268,0.9888888888888888,0.549079754601227
1269,0.9888888888888888,0.5495179666958808
1270,0.9888888888888888,0.5499561787905346
1271,0.9888888888888888,0.5503943908851884
1272,0.9888888888888888,0.5508326029798423
1273,0.9888888888888888,0.551270815074496
1274,0.9888888888888888,0.5517090271691498
1275,0.9888888888888888,0.5521472392638037
1276,0.9888888888888888,0.5525854513584575
1277,0.9888888888888888,0.5530236634531113
1278,0.9888888888888888,0.5534618755477652
1279,0.9888888888888888,0.5539000876424189
1280,0.9888888888888888,0.5543382997370727
1281,0.9888888888888888,0.5547765118317266
1282,0.9888888888888888,0.5552147239263804
1283,0.9888888888888888,0.5556529360210342
1284,0.9888888888888888,0.5560911481156879
1285,0.9888888888888888,0.5565293602103418
1286,0.9888888888888888,0.5569675723049956
1287,0.9888888888888888,0.5574057843996494
1288,0.9888888888888888,0.5578439964943033
1289,0.9888888888888888,0.558282208588957
1290,0.9888888888888888,0.5587204206836108
1291,0.9888888888888888,0.5591586327782647
1292,0.9888888888888888,0.5595968448729185
1293,0.9888888888888888,0.5600350569675723
1294,0.9888888888888888,0.5604732690622262
1295,0.9888888888888888,0.5609114811568799
1296,0.9888888888888888,0.5613496932515337
1297,0.9888888888888888,0.5617879053461875
1298,0.9888888888888888,0.5622261174408414
1299,0.9888888888888888,0.5626643295354952
1300,1.0,0.5626643295354952
1301,1.0,0.563102541630149
1302,1.0,0.5635407537248028
1303,1.0,0.5639789658194566
1304,1.0,0.5644171779141104
1305,1.0,0.5648553900087643
1306,1.0,0.5652936021034181
1307,1.0,0.5657318141980718
1308,1.0,0.5661700262927257
1309,1.0,0.5666082383873795
1310,1.0,0.5670464504820333
1311,1.0,0.5674846625766872
1312,1.0,0.567922874671341
1313,1.0,0.5683610867659947
1314,1.0,0.5687992988606485
1315,1.0,0.5692375109553024
1316,1.0,0.5696757230499562
1317,1.0,0.57011393514461
1318,1.0,0.5705521472392638
1319,1.0,0.5709903593339176
1320,1.0,0.5714285714285714
1321,1.0,0.5718667835232253
1322,1.0,0.5723049956178791
1323,1.0,0.5727432077125328
1324,1.0,0.5731814198071867
1325,1.0,0.5736196319018405
1326,1.0,0.5740578439964943
1327,1.0,0.5744960560911481
1328,1.0,0.5744960560911481
1329,1.0,0.574934268185802
1330,1.0,0.5753724802804557
1331,1.0,0.5758106923751095
1332,1.0,0.5762489044697634
1333,1.0,0.5766871165644172
1334,1.0,0.577125328659071
1335,1.0,0.5775635407537248
1336,1.0,0.5780017528483786
1337,1.0,0.5784399649430324
1338,1.0,0.5788781770376863
1339,1.0,0.5793163891323401
1340,1.0,0.5797546012269938
1341,1.0,0.5801928133216476
1342,1.0,0.5806310254163015
1343,1.0,0.5810692375109553
1344,1.0,0.5815074496056091
1345,1.0,0.581945661700263
1346,1.0,0.5823838737949167
1347,1.0,0.5828220858895705
1348,1.0,0.5832602979842244
1349,1.0,0.5836985100788782
1350,1.0,0.584136722173532
1351,1.0,0.5845749342681859
1352,1.0,0.5850131463628396
1353,1.0,0.5854513584574934
1354,1.0,0.5858895705521472
1355,1.0,0.5863277826468011
1356,1.0,0.5867659947414549
1357,1.0,0.5872042068361086
1358,1.0,0.5876424189307625
1359,1.0,0.5880806310254163
1360,1.0,0.5885188431200701
1361,1.0,0.588957055214724
1362,1.0,0.5893952673093777
1363,1.0,0.5898334794040315
1364,1.0,0.5902716914986854
1365,1.0,0.5907099035933392
1366,1.0,0.591148115687993
1367,1.0,0.5915863277826467
1368,1.0,0.5920245398773006
1369,1.0,0.5924627519719544
1370,1.0,0.5929009640666082
1371,1.0,0.5933391761612621
1372,1.0,0.5937773882559159
1373,1.0,0.5942156003505696
1374,1.0,0.5946538124452235
1375,1.0,0.5950920245398773
1376,1.0,0.5955302366345311
1377,1.0,0.595968448729185
1378,1.0,0.5964066608238388
1379,1.0,0.5968448729184925
1380,1.0,0.5972830850131463
1381,1.0,0.5977212971078002
1382,1.0,0.598159509202454
1383,1.0,0.5985977212971078
1384,1.0,0.5990359333917616
1385,1.0,0.5994741454864154
1386,1.0,0.5999123575810692
1387,1.0,0.6003505696757231
1388,1.0,0.6007887817703769
1389,1.0,0.6012269938650306
1390,1.0,0.6016652059596845
1391,1.0,0.6021034180543383
1392,1.0,0.6025416301489921
1393,1.0,0.6029798422436459
1394,1.0,0.6034180543382998
1395,1.0,0.6038562664329535
1396,1.0,0.6042944785276073
1397,1.0,0.6047326906222612
1398,1.0,0.605170902716915
1399,1.0,0.6056091148115688
1400,1.0,0.6060473269062226
1401,1.0,0.6064855390008764
1402,1.0,0.6069237510955302
1403,1.0,0.6073619631901841
1404,1.0,0.6078001752848379
1405,1.0,0.6082383873794917
1406,1.0,0.6086765994741455
1407,1.0,0.6091148115687993
1408,1.0,0.6095530236634531
1409,1.0,0.6099912357581069
1410,1.0,0.6104294478527608
1411,1.0,0.6108676599474145
1412,1.0,0.6113058720420683
1413,1.0,0.6117440841367222
1414,1.0,0.612182296231376
1415,1.0,0.6126205083260298
1416,1.0,0.6130587204206837
1417,1.0,0.6134969325153374
1418,1.0,0.6139351446099912
1419,1.0,0.6143733567046451
1420,1.0,0.6148115687992989
1421,1.0,0.6152497808939527
1422,1.0,0.6156879929886064
1423,1.0,0.6161262050832603
1424,1.0,0.6165644171779141
1425,1.0,0.6170026292725679
1426,1.0,0.6174408413672218
1427,1.0,0.6178790534618755
1428,1.0,0.6183172655565293
1429,1.0,0.6187554776511832
1430,1.0,0.619193689745837
1431,1.0,0.6196319018404908
1432,1.0,0.6200701139351447
1433,1.0,0.6205083260297984
1434,1.0,0.6209465381244522
1435,1.0,0.621384750219106
1436,1.0,0.6218229623137599
1437,1.0,0.6222611744084137
1438,1.0,0.6226993865030674
1439,1.0,0.6231375985977213
1440,1.0,0.6235758106923751
1441,1.0,0.6240140227870289
1442,1.0,0.6244522348816828
1443,1.0,0.6248904469763366
1444,1.0,0.6253286590709903
1445,1.0,0.6257668711656442
1446,1.0,0.626205083260298
1447,1.0,0.6266432953549518
1448,1.0,0.6270815074496056
1449,1.0,0.6275197195442594
1450,1.0,0.6279579316389132
1451,1.0,0.628396143733567
1452,1.0,0.6288343558282209
1453,1.0,0.6292725679228747
1454,1.0,0.6297107800175284
1455,1.0,0.6301489921121823
1456,1.0,0.6305872042068361
1457,1.0,0.6310254163014899
1458,1.0,0.6314636283961438
1459,1.0,0.6319018404907976
1460,1.0,0.6323400525854513
1461,1.0,0.6327782646801051
1462,1.0,0.633216476774759
1463,1.0,0.6336546888694128
1464,1.0,0.6340929009640666
1465,1.0,0.6345311130587205
1466,1.0,0.6349693251533742
1467,1.0,0.635407537248028
1468,1.0,0.6358457493426819
1469,1.0,0.6362839614373357
1470,1.0,0.6367221735319895
1471,1.0,0.6371603856266433
1472,1.0,0.6375985977212971
1473,1.0,0.6380368098159509
1474,1.0,0.6384750219106047
1475,1.0,0.6389132340052586
1476,1.0,0.6393514460999123
1477,1.0,0.6397896581945661
1478,1.0,0.64022787028922
1479,1.0,0.6406660823838738
1480,1.0,0.6411042944785276
1481,1.0,0.6415425065731815
1482,1.0,0.6419807186678352
1483,1.0,0.642418930762489
1484,1.0,0.6428571428571429
1485,1.0,0.6432953549517967
1486,1.0,0.6437335670464505
1487,1.0,0.6441717791411042
1488,1.0,0.6446099912357581
1489,1.0,0.6450482033304119
1490,1.0,0.6454864154250657
1491,1.0,0.6459246275197196
1492,1.0,0.6463628396143734
1493,1.0,0.6468010517090271
1494,1.0,0.647239263803681
1495,1.0,0.6476774758983348
1496,1.0,0.6481156879929886
1497,1.0,0.6485539000876425
1498,1.0,0.6489921121822962
1499,1.0,0.64943032427695
1500,1.0,0.6498685363716039
1501,1.0,0.6503067484662577
1502,1.0,0.6507449605609115
1503,1.0,0.6511831726555652
1504,1.0,0.6516213847502191
1505,1.0,0.6520595968448729
1506,1.0,0.6524978089395267
1507,1.0,0.6529360210341806
1508,1.0,0.6533742331288344
1509,1.0,0.6538124452234881
1510,1.0,0.654250657318142
1511,1.0,0.6546888694127958
1512,1.0,0.6551270815074496
1513,1.0,0.6555652936021035
1514,1.0,0.6560035056967572
1515,1.0,0.656441717791411
1516,1.0,0.6568799298860648
1517,1.0,0.6573181419807187
1518,1.0,0.6577563540753725
1519,1.0,0.6581945661700263
1520,1.0,0.6586327782646801
1521,1.0,0.6590709903593339
1522,1.0,0.6595092024539877
1523,1.0,0.6599474145486416
1524,1.0,0.6603856266432954
1525,1.0,0.6608238387379491
1526,1.0,0.661262050832603
1527,1.0,0.6617002629272568
1528,1.0,0.6621384750219106
1529,1.0,0.6625766871165644
1530,1.0,0.6630148992112183
1531,1.0,0.663453111305872
1532,1.0,0.6638913234005258
1533,1.0,0.6643295354951797
1534,1.0,0.6647677475898335
1535,1.0,0.6652059596844873
1536,1.0,0.6656441717791411
1537,1.0,0.6660823838737949
1538,1.0,0.6665205959684487
1539,1.0,0.6669588080631026
1540,1.0,0.6673970201577564
1541,1.0,0.6678352322524101
1542,1.0,0.6682734443470639
1543,1.0,0.6687116564417178
1544,1.0,0.6691498685363716
1545,1.0,0.6695880806310254
1546,1.0,0.6700262927256793
1547,1.0,0.670464504820333
1548,1.0,0.6709027169149868
1549,1.0,0.6713409290096407
1550,1.0,0.6717791411042945
1551,1.0,0.6722173531989483
1552,1.0,0.6726555652936022
1553,1.0,0.6730937773882559
1554,1.0,0.6735319894829097
1555,1.0,0.6739702015775635
1556,1.0,0.6744084136722174
1557,1.0,0.6748466257668712
1558,1.0,0.6752848378615249
1559,1.0,0.6757230499561788
1560,1.0,0.6761612620508326
1561,1.0,0.6765994741454864
1562,1.0,0.6770376862401403
1563,1.0,0.677475898334794
1564,1.0,0.6779141104294478
1565,1.0,0.6783523225241017
1566,1.0,0.6787905346187555
1567,1.0,0.6792287467134093
1568,1.0,0.679666958808063
1569,1.0,0.6801051709027169
1570,1.0,0.6805433829973707
1571,1.0,0.6809815950920245
1572,1.0,0.6814198071866784
1573,1.0,0.6818580192813322
1574,1.0,0.6822962313759859
1575,1.0,0.6827344434706398
1576,1.0,0.6831726555652936
1577,1.0,0.6836108676599474
1578,1.0,0.6840490797546013
1579,1.0,0.684487291849255
1580,1.0,0.6849255039439088
1581,1.0,0.6853637160385626
1582,1.0,0.6858019281332165
1583,1.0,0.6862401402278703
1584,1.0,0.686678352322524
1585,1.0,0.6871165644171779
1586,1.0,0.6875547765118317
1587,1.0,0.6879929886064855
1588,1.0,0.6884312007011394
1589,1.0,0.6888694127957932
1590,1.0,0.689307624890447
1591,1.0,0.6897458369851008
1592,1.0,0.6901840490797546
1593,1.0,0.6906222611744084
1594,1.0,0.6910604732690623
1595,1.0,0.6914986853637161
1596,1.0,0.6919368974583698
1597,1.0,0.6923751095530236
1598,1.0,0.6928133216476775
1599,1.0,0.6932515337423313
1600,1.0,0.6936897458369851
1601,1.0,0.694127957931639
1602,1.0,0.6945661700262927
1603,1.0,0.6950043821209465
1604,1.0,0.6954425942156004
1605,1.0,0.6958808063102542
1606,1.0,0.696319018404908
1607,1.0,0.6967572304995618
1608,1.0,0.6971954425942156
1609,1.0,0.6976336546888694
1610,1.0,0.6980718667835232
1611,1.0,0.6985100788781771
1612,1.0,0.6989482909728308
1613,1.0,0.6993865030674846
1614,1.0,0.6998247151621385
1615,1.0,0.7002629272567923
1616,1.0,0.7007011393514461
1617,1.0,0.7011393514461
1618,1.0,0.7015775635407537
1619,1.0,0.7020157756354075
1620,1.0,0.7024539877300614
1621,1.0,0.7028921998247152
1622,1.0,0.703330411919369
1623,1.0,0.7037686240140227
1624,1.0,0.7042068361086766
1625,1.0,0.7046450482033304
1626,1.0,0.7050832602979842
1627,1.0,0.7055214723926381
1628,1.0,0.7059596844872918
1629,1.0,0.7063978965819456
1630,1.0,0.7068361086765995
1631,1.0,0.7072743207712533
1632,1.0,0.7077125328659071
1633,1.0,0.708150744960561
1634,1.0,0.7085889570552147
1635,1.0,0.7090271691498685
1636,1.0,0.7094653812445223
1637,1.0,0.7099035933391762
1638,1.0,0.71034180543383
1639,1.0,0.7107800175284837
1640,1.0,0.7112182296231376
1641,1.0,0.7116564417177914
1642,1.0,0.7120946538124452
1643,1.0,0.7125328659070991
1644,1.0,0.7129710780017529
1645,1.0,0.7134092900964066
1646,1.0,0.7138475021910605
1647,1.0,0.7142857142857143
1648,1.0,0.7147239263803681
1649,1.0,0.7151621384750219
1650,1.0,0.7156003505696757
1651,1.0,0.7160385626643295
1652,1.0,0.7164767747589833
1653,1.0,0.7169149868536372
1654,1.0,0.717353198948291
1655,1.0,0.7177914110429447
1656,1.0,0.7182296231375986
1657,1.0,0.7186678352322524
1658,1.0,0.7191060473269062
1659,1.0,0.7195442594215601
1660,1.0,0.7199824715162139
1661,1.0,0.7204206836108676
1662,1.0,0.7208588957055214
1663,1.0,0.7212971078001753
1664,1.0,0.7217353198948291
1665,1.0,0.7221735319894829
1666,1.0,0.7226117440841368
1667,1.0,0.7230499561787905
1668,1.0,0.7234881682734443
1669,1.0,0.7239263803680982
1670,1.0,0.724364592462752
1671,1.0,0.7248028045574058
1672,1.0,0.7252410166520596
1673,1.0,0.7256792287467134
1674,1.0,0.7261174408413672
1675,1.0,0.726555652936021
1676,1.0,0.7269938650306749
1677,1.0,0.7274320771253286
1678,1.0,0.7278702892199824
1679,1.0,0.7283085013146363
1680,1.0,0.7287467134092901
1681,1.0,0.7291849255039439
1682,1.0,0.7296231375985978
1683,1.0,0.7300613496932515
1684,1.0,0.7304995617879053
1685,1.0,0.7309377738825592
1686,1.0,0.731375985977213
1687,1.0,0.7318141980718668
1688,1.0,0.7322524101665207
1689,1.0,0.7326906222611744
1690,1.0,0.7331288343558282
1691,1.0,0.733567046450482
1692,1.0,0.7340052585451359
1693,1.0,0.7344434706397897
1694,1.0,0.7348816827344434
1695,1.0,0.7353198948290973
1696,1.0,0.7357581069237511
1697,1.0,0.7361963190184049
1698,1.0,0.7366345311130588
1699,1.0,0.7370727432077125
1700,1.0,0.7375109553023663
1701,1.0,0.7379491673970202
1702,1.0,0.738387379491674
1703,1.0,0.7388255915863278
1704,1.0,0.7392638036809815
1705,1.0,0.7397020157756354
1706,1.0,0.7401402278702892
1707,1.0,0.740578439964943
1708,1.0,0.7410166520595969
1709,1.0,0.7414548641542507
1710,1.0,0.7418930762489044
1711,1.0,0.7423312883435583
1712,1.0,0.7427695004382121
1713,1.0,0.7432077125328659
1714,1.0,0.7436459246275198
1715,1.0,0.7440841367221736
1716,1.0,0.7445223488168273
1717,1.0,0.7449605609114811
1718,1.0,0.745398773006135
1719,1.0,0.7458369851007888
1720,1.0,0.7462751971954426
1721,1.0,0.7467134092900964
1722,1.0,0.7471516213847502
1723,1.0,0.747589833479404
1724,1.0,0.7480280455740579
1725,1.0,0.7484662576687117
1726,1.0,0.7489044697633654
1727,1.0,0.7493426818580193
1728,1.0,0.7497808939526731
1729,1.0,0.7502191060473269
1730,1.0,0.7506573181419807
1731,1.0,0.7510955302366346
1732,1.0,0.7515337423312883
1733,1.0,0.7519719544259421
1734,1.0,0.752410166520596
1735,1.0,0.7528483786152498
1736,1.0,0.7532865907099036
1737,1.0,0.7537248028045574
1738,1.0,0.7541630148992112
1739,1.0,0.754601226993865
1740,1.0,0.7550394390885189
1741,1.0,0.7554776511831727
1742,1.0,0.7559158632778264
1743,1.0,0.7563540753724802
1744,1.0,0.7567922874671341
1745,1.0,0.7572304995617879
1746,1.0,0.7576687116564417
1747,1.0,0.7581069237510956
1748,1.0,0.7585451358457493
1749,1.0,0.7589833479404031
1750,1.0,0.759421560035057
1751,1.0,0.7598597721297108
1752,1.0,0.7602979842243646
1753,1.0,0.7607361963190185
1754,1.0,0.7611744084136722
1755,1.0,0.761612620508326
1756,1.0,0.7620508326029798
1757,1.0,0.7624890446976337
1758,1.0,0.7629272567922875
1759,1.0,0.7633654688869412
1760,1.0,0.7638036809815951
1761,1.0,0.7642418930762489
1762,1.0,0.7646801051709027
1763,1.0,0.7651183172655566
1764,1.0,0.7655565293602103
1765,1.0,0.7659947414548641
1766,1.0,0.766432953549518
1767,1.0,0.7668711656441718
1768,1.0,0.7673093777388256
1769,1.0,0.7677475898334793
1770,1.0,0.7681858019281332
1771,1.0,0.768624014022787
1772,1.0,0.7690622261174408
1773,1.0,0.7695004382120947
1774,1.0,0.7699386503067485
1775,1.0,0.7703768624014022
1776,1.0,0.7708150744960561
1777,1.0,0.7712532865907099
1778,1.0,0.7716914986853637
1779,1.0,0.7721297107800176
1780,1.0,0.7725679228746714
1781,1.0,0.7730061349693251
1782,1.0,0.773444347063979
1783,1.0,0.7738825591586328
1784,1.0,0.7743207712532866
1785,1.0,0.7747589833479404
1786,1.0,0.7751971954425942
1787,1.0,0.775635407537248
1788,1.0,0.7760736196319018
1789,1.0,0.7765118317265557
1790,1.0,0.7769500438212095
1791,1.0,0.7773882559158632
1792,1.0,0.7778264680105171
1793,1.0,0.7782646801051709
1794,1.0,0.7787028921998247
1795,1.0,0.7791411042944786
1796,1.0,0.7795793163891324
1797,1.0,0.7800175284837861
1798,1.0,0.7804557405784399
1799,1.0,0.7808939526730938
1800,1.0,0.7813321647677476
1801,1.0,0.7817703768624014
1802,1.0,0.7822085889570553
1803,1.0,0.782646801051709
1804,1.0,0.7830850131463628
1805,1.0,0.7835232252410167
1806,1.0,0.7839614373356705
1807,1.0,0.7843996494303243
1808,1.0,0.7848378615249781
1809,1.0,0.7852760736196319
1810,1.0,0.7857142857142857
1811,1.0,0.7861524978089395
1812,1.0,0.7865907099035934
1813,1.0,0.7870289219982471
1814,1.0,0.7874671340929009
1815,1.0,0.7879053461875548
1816,1.0,0.7883435582822086
1817,1.0,0.7887817703768624
1818,1.0,0.7892199824715163
1819,1.0,0.78965819456617
1820,1.0,0.7900964066608238
1821,1.0,0.7905346187554777
1822,1.0,0.7909728308501315
1823,1.0,0.7914110429447853
1824,1.0,0.791849255039439
1825,1.0,0.7922874671340929
1826,1.0,0.7927256792287467
1827,1.0,0.7931638913234005
1828,1.0,0.7936021034180544
1829,1.0,0.7940403155127082
1830,1.0,0.7944785276073619
1831,1.0,0.7949167397020158
1832,1.0,0.7953549517966696
1833,1.0,0.7957931638913234
1834,1.0,0.7962313759859773
1835,1.0,0.796669588080631
1836,1.0,0.7971078001752848
1837,1.0,0.7975460122699386
1838,1.0,0.7979842243645925
1839,1.0,0.7984224364592463
1840,1.0,0.7988606485539
1841,1.0,0.7992988606485539
1842,1.0,0.7997370727432077
1843,1.0,0.8001752848378615
1844,1.0,0.8006134969325154
1845,1.0,0.8010517090271692
1846,1.0,0.8014899211218229
1847,1.0,0.8019281332164768
1848,1.0,0.8023663453111306
1849,1.0,0.8028045574057844
1850,1.0,0.8032427695004382
1851,1.0,0.803680981595092
1852,1.0,0.8041191936897458
1853,1.0,0.8045574057843996
1854,1.0,0.8049956178790535
1855,1.0,0.8054338299737073
1856,1.0,0.805872042068361
1857,1.0,0.8063102541630149
1858,1.0,0.8067484662576687
1859,1.0,0.8071866783523225
1860,1.0,0.8076248904469764
1861,1.0,0.8080631025416302
1862,1.0,0.8085013146362839
1863,1.0,0.8089395267309377
1864,1.0,0.8093777388255916
1865,1.0,0.8098159509202454
1866,1.0,0.8102541630148992
1867,1.0,0.810692375109553
1868,1.0,0.8111305872042068
1869,1.0,0.8115687992988606
1870,1.0,0.8120070113935145
1871,1.0,0.8124452234881683
1872,1.0,0.8128834355828221
1873,1.0,0.813321647677476
1874,1.0,0.8137598597721297
1875,1.0,0.8141980718667835
1876,1.0,0.8146362839614374
1877,1.0,0.8150744960560912
1878,1.0,0.815512708150745
1879,1.0,0.8159509202453987
1880,1.0,0.8163891323400526
1881,1.0,0.8168273444347064
1882,1.0,0.8172655565293602
1883,1.0,0.8177037686240141
1884,1.0,0.8181419807186678
1885,1.0,0.8185801928133216
1886,1.0,0.8190184049079755
1887,1.0,0.8194566170026293
1888,1.0,0.8198948290972831
1889,1.0,0.820333041191937
1890,1.0,0.8207712532865907
1891,1.0,0.8212094653812445
1892,1.0,0.8216476774758983
1893,1.0,0.8220858895705522
1894,1.0,0.822524101665206
1895,1.0,0.8229623137598597
1896,1.0,0.8234005258545136
1897,1.0,0.8238387379491674
1898,1.0,0.8242769500438212
1899,1.0,0.8247151621384751
1900,1.0,0.8251533742331288
1901,1.0,0.8255915863277826
1902,1.0,0.8260297984224365
1903,1.0,0.8264680105170903
1904,1.0,0.8269062226117441
1905,1.0,0.8273444347063978
1906,1.0,0.8277826468010517
1907,1.0,0.8282208588957055
1908,1.0,0.8286590709903593
1909,1.0,0.8290972830850132
1910,1.0,0.829535495179667
1911,1.0,0.8299737072743207
1912,1.0,0.8304119193689746
1913,1.0,0.8308501314636284
1914,1.0,0.8312883435582822
1915,1.0,0.8317265556529361
1916,1.0,0.8321647677475899
1917,1.0,0.8326029798422436
1918,1.0,0.8330411919368974
1919,1.0,0.8334794040315513
1920,1.0,0.8339176161262051
1921,1.0,0.8343558282208589
1922,1.0,0.8347940403155127
1923,1.0,0.8352322524101665
1924,1.0,0.8356704645048203
1925,1.0,0.8361086765994742
1926,1.0,0.836546888694128
1927,1.0,0.8369851007887817
1928,1.0,0.8374233128834356
1929,1.0,0.8378615249780894
1930,1.0,0.8382997370727432
1931,1.0,0.838737949167397
1932,1.0,0.8391761612620509
1933,1.0,0.8396143733567046
1934,1.0,0.8400525854513584
1935,1.0,0.8404907975460123
1936,1.0,0.8409290096406661
1937,1.0,0.8413672217353199
1938,1.0,0.8418054338299737
1939,1.0,0.8422436459246275
1940,1.0,0.8426818580192813
1941,1.0,0.8431200701139352
1942,1.0,0.843558282208589
1943,1.0,0.8439964943032428
1944,1.0,0.8444347063978965
1945,1.0,0.8448729184925504
1946,1.0,0.8453111305872042
1947,1.0,0.845749342681858
1948,1.0,0.8461875547765119
1949,1.0,0.8466257668711656
1950,1.0,0.8470639789658194
1951,1.0,0.8475021910604733
1952,1.0,0.8479404031551271
1953,1.0,0.8483786152497809
1954,1.0,0.8488168273444348
1955,1.0,0.8492550394390885
1956,1.0,0.8496932515337423
1957,1.0,0.8501314636283961
1958,1.0,0.85056967572305
1959,1.0,0.8510078878177038
1960,1.0,0.8514460999123575
1961,1.0,0.8518843120070114
1962,1.0,0.8523225241016652
1963,1.0,0.852760736196319
1964,1.0,0.8531989482909729
1965,1.0,0.8536371603856266
1966,1.0,0.8540753724802804
1967,1.0,0.8545135845749343
1968,1.0,0.8549517966695881
1969,1.0,0.8553900087642419
1970,1.0,0.8558282208588958
1971,1.0,0.8562664329535495
1972,1.0,0.8567046450482033
1973,1.0,0.8571428571428571
1974,1.0,0.857581069237511
1975,1.0,0.8580192813321648
1976,1.0,0.8584574934268185
1977,1.0,0.8588957055214724
1978,1.0,0.8593339176161262
1979,1.0,0.85977212971078
1980,1.0,0.8602103418054339
1981,1.0,0.8606485539000877
1982,1.0,0.8610867659947414
1983,1.0,0.8615249780893953
1984,1.0,0.8619631901840491
1985,1.0,0.8624014022787029
1986,1.0,0.8628396143733567
1987,1.0,0.8632778264680105
1988,1.0,0.8637160385626643
1989,1.0,0.8641542506573181
1990,1.0,0.864592462751972
1991,1.0,0.8650306748466258
1992,1.0,0.8654688869412795
1993,1.0,0.8659070990359334
1994,1.0,0.8663453111305872
1995,1.0,0.866783523225241
1996,1.0,0.8672217353198949
1997,1.0,0.8676599474145487
1998,1.0,0.8680981595092024
1999,1.0,0.8685363716038562
2000,1.0,0.8689745836985101
2001,1.0,0.8694127957931639
2002,1.0,0.8698510078878177
2003,1.0,0.8702892199824716
2004,1.0,0.8707274320771253
2005,1.0,0.8711656441717791
2006,1.0,0.871603856266433
2007,1.0,0.8720420683610868
2008,1.0,0.8724802804557406
2009,1.0,0.8729184925503944
2010,1.0,0.8733567046450482
2011,1.0,0.873794916739702
2012,1.0,0.8742331288343558
2013,1.0,0.8746713409290097
2014,1.0,0.8751095530236634
2015,1.0,0.8755477651183172
2016,1.0,0.8759859772129711
2017,1.0,0.8764241893076249
2018,1.0,0.8768624014022787
2019,1.0,0.8773006134969326
2020,1.0,0.8777388255915863
2021,1.0,0.8781770376862401
2022,1.0,0.878615249780894
2023,1.0,0.8790534618755478
2024,1.0,0.8794916739702016
2025,1.0,0.8799298860648553
2026,1.0,0.8803680981595092
2027,1.0,0.880806310254163
2028,1.0,0.8812445223488168
2029,1.0,0.8816827344434707
2030,1.0,0.8821209465381245
2031,1.0,0.8825591586327782
2032,1.0,0.8829973707274321
2033,1.0,0.8834355828220859
2034,1.0,0.8838737949167397
2035,1.0,0.8843120070113936
2036,1.0,0.8847502191060473
2037,1.0,0.8851884312007011
2038,1.0,0.8856266432953549
2039,1.0,0.8860648553900088
2040,1.0,0.8865030674846626
2041,1.0,0.8869412795793163
2042,1.0,0.8873794916739702
2043,1.0,0.887817703768624
2044,1.0,0.8882559158632778
2045,1.0,0.8886941279579317
2046,1.0,0.8891323400525855
2047,1.0,0.8895705521472392
2048,1.0,0.8900087642418931
2049,1.0,0.8904469763365469
2050,1.0,0.8908851884312007
2051,1.0,0.8913234005258545
2052,1.0,0.8917616126205083
2053,1.0,0.8921998247151621
2054,1.0,0.8926380368098159
2055,1.0,0.8930762489044698
2056,1.0,0.8935144609991236
2057,1.0,0.8939526730937774
2058,1.0,0.8943908851884312
2059,1.0,0.894829097283085
2060,1.0,0.8952673093777388
2061,1.0,0.8957055214723927
2062,1.0,0.8961437335670465
2063,1.0,0.8965819456617002
2064,1.0,0.8970201577563541
2065,1.0,0.8974583698510079
2066,1.0,0.8978965819456617
2067,1.0,0.8983347940403155
2068,1.0,0.8987730061349694
2069,1.0,0.8992112182296231
2070,1.0,0.8996494303242769
2071,1.0,0.9000876424189308
2072,1.0,0.9005258545135846
2073,1.0,0.9009640666082384
2074,1.0,0.9014022787028922
2075,1.0,0.901840490797546
2076,1.0,0.9022787028921998
2077,1.0,0.9027169149868536
2078,1.0,0.9031551270815076
2079,1.0,0.9035933391761612
2080,1.0,0.904031551270815
2081,1.0,0.9044697633654688
2082,1.0,0.9049079754601228
2083,1.0,0.9053461875547764
2084,1.0,0.9057843996494304
2085,1.0,0.906222611744084
2086,1.0,0.906660823838738
2087,1.0,0.9070990359333918
2088,1.0,0.9075372480280456
2089,1.0,0.9079754601226994
2090,1.0,0.9084136722173533
2091,1.0,0.908851884312007
2092,1.0,0.9092900964066608
2093,1.0,0.9097283085013146
2094,1.0,0.9101665205959684
2095,1.0,0.9106047326906224
2096,1.0,0.911042944785276
2097,1.0,0.91148115687993
2098,1.0,0.9119193689745836
2099,1.0,0.9123575810692376
2100,1.0,0.9127957931638914
2101,1.0,0.9132340052585451
2102,1.0,0.9136722173531988
2103,1.0,0.9141104294478528
2104,1.0,0.9145486415425066
2105,1.0,0.9149868536371604
2106,1.0,0.915425065731814
2107,1.0,0.915863277826468
2108,1.0,0.9163014899211218
2109,1.0,0.9167397020157756
2110,1.0,0.9171779141104296
2111,1.0,0.9176161262050831
2112,1.0,0.918054338299737
2113,1.0,0.9184925503943908
2114,1.0,0.9189307624890448
2115,1.0,0.9193689745836984
2116,1.0,0.9198071866783524
2117,1.0,0.9202453987730062
2118,1.0,0.92068361086766
2119,1.0,0.9211218229623136
2120,1.0,0.9215600350569676
2121,1.0,0.9219982471516214
2122,1.0,0.9224364592462752
2123,1.0,0.922874671340929
2124,1.0,0.9233128834355828
2125,1.0,0.9237510955302366
2126,1.0,0.9241893076248904
2127,1.0,0.9246275197195444
2128,1.0,0.925065731814198
2129,1.0,0.925503943908852
2130,1.0,0.9259421560035056
2131,1.0,0.9263803680981596
2132,1.0,0.9268185801928132
2133,1.0,0.9272567922874672
2134,1.0,0.9276950043821208
2135,1.0,0.9281332164767748
2136,1.0,0.9285714285714286
2137,1.0,0.9290096406660824
2138,1.0,0.9294478527607362
2139,1.0,0.92988606485539
2140,1.0,0.9303242769500438
2141,1.0,0.9307624890446976
2142,1.0,0.9312007011393516
2143,1.0,0.9316389132340052
2144,1.0,0.932077125328659
2145,1.0,0.9325153374233128
2146,1.0,0.9329535495179668
2147,1.0,0.9333917616126204
2148,1.0,0.9338299737072744
2149,1.0,0.9342681858019282
2150,1.0,0.934706397896582
2151,1.0,0.9351446099912356
2152,1.0,0.9355828220858896
2153,1.0,0.9360210341805434
2154,1.0,0.9364592462751972
2155,1.0,0.936897458369851
2156,1.0,0.9373356704645048
2157,1.0,0.9377738825591586
2158,1.0,0.9382120946538124
2159,1.0,0.9386503067484664
2160,1.0,0.93908851884312
2161,1.0,0.9395267309377738
2162,1.0,0.9399649430324276
2163,1.0,0.9404031551270816
2164,1.0,0.9408413672217352
2165,1.0,0.9412795793163892
2166,1.0,0.941717791411043
2167,1.0,0.9421560035056968
2168,1.0,0.9425942156003506
2169,1.0,0.9430324276950044
2170,1.0,0.9434706397896582
2171,1.0,0.943908851884312
2172,1.0,0.9443470639789658
2173,1.0,0.9447852760736196
2174,1.0,0.9452234881682734
2175,1.0,0.9456617002629272
2176,1.0,0.9460999123575812
2177,1.0,0.9465381244522348
2178,1.0,0.9469763365468888
2179,1.0,0.9474145486415424
2180,1.0,0.9478527607361964
2181,1.0,0.9482909728308502
2182,1.0,0.948729184925504
2183,1.0,0.9491673970201576
2184,1.0,0.9496056091148116
2185,1.0,0.9500438212094654
2186,1.0,0.9504820333041192
2187,1.0,0.950920245398773
2188,1.0,0.9513584574934268
2189,1.0,0.9517966695880806
2190,1.0,0.9522348816827344
2191,1.0,0.9526730937773884
2192,1.0,0.953111305872042
2193,1.0,0.9535495179666958
2194,1.0,0.9539877300613496
2195,1.0,0.9544259421560036
2196,1.0,0.9548641542506572
2197,1.0,0.9553023663453112
2198,1.0,0.955740578439965
2199,1.0,0.9561787905346188
2200,1.0,0.9566170026292724
2201,1.0,0.9570552147239264
2202,1.0,0.9574934268185802
2203,1.0,0.957931638913234
2204,1.0,0.958369851007888
2205,1.0,0.9588080631025416
2206,1.0,0.9592462751971954
2207,1.0,0.9596844872918492
2208,1.0,0.9601226993865032
2209,1.0,0.9605609114811569
2210,1.0,0.9609991235758109
2211,1.0,0.9614373356704644
2212,1.0,0.9618755477651184
2213,1.0,0.962313759859772
2214,1.0,0.962751971954426
2215,1.0,0.9631901840490796
2216,1.0,0.9636283961437336
2217,1.0,0.9640666082383874
2218,1.0,0.9645048203330412
2219,1.0,0.964943032427695
2220,1.0,0.9653812445223487
2221,1.0,0.9658194566170026
2222,1.0,0.9662576687116564
2223,1.0,0.9666958808063104
2224,1.0,0.967134092900964
2225,1.0,0.967572304995618
2226,1.0,0.9680105170902716
2227,1.0,0.9684487291849256
2228,1.0,0.9688869412795792
2229,1.0,0.9693251533742332
2230,1.0,0.969763365468887
2231,1.0,0.9702015775635408
2232,1.0,0.9706397896581944
2233,1.0,0.9710780017528484
2234,1.0,0.9715162138475022
2235,1.0,0.971954425942156
2236,1.0,0.97239263803681
2237,1.0,0.9728308501314636
2238,1.0,0.9732690622261174
2239,1.0,0.9737072743207712
2240,1.0,0.9741454864154252
2241,1.0,0.9745836985100788
2242,1.0,0.9750219106047326
2243,1.0,0.9754601226993864
2244,1.0,0.9758983347940404
2245,1.0,0.976336546888694
2246,1.0,0.976774758983348
2247,1.0,0.9772129710780018
2248,1.0,0.9776511831726556
2249,1.0,0.9780893952673094
2250,1.0,0.9785276073619632
2251,1.0,0.978965819456617
2252,1.0,0.9794040315512708
2253,1.0,0.9798422436459246
2254,1.0,0.9802804557405784
2255,1.0,0.9807186678352322
2256,1.0,0.981156879929886
2257,1.0,0.98159509202454
2258,1.0,0.9820333041191937
2259,1.0,0.9824715162138477
2260,1.0,0.9829097283085012
2261,1.0,0.9833479404031552
2262,1.0,0.983786152497809
2263,1.0,0.9842243645924628
2264,1.0,0.9846625766871164
2265,1.0,0.9851007887817704
2266,1.0,0.9855390008764242
2267,1.0,0.985977212971078
2268,1.0,0.9864154250657318
2269,1.0,0.9868536371603857
2270,1.0,0.9872918492550394
2271,1.0,0.9877300613496932
2272,1.0,0.9881682734443472
2273,1.0,0.9886064855390008
2274,1.0,0.9890446976336548
2275,1.0,0.9894829097283084
2276,1.0,0.9899211218229624
2277,1.0,0.990359333917616
2278,1.0,0.99079754601227
2279,1.0,0.9912357581069238
2280,1.0,0.9916739702015775
2281,1.0,0.9921121822962312
2282,1.0,0.9925503943908852
2283,1.0,0.992988606485539
2284,1.0,0.9934268185801928
2285,1.0,0.9938650306748468
2286,1.0,0.9943032427695004
2287,1.0,0.9947414548641542
2288,1.0,0.995179666958808
2289,1.0,0.995617879053462
2290,1.0,0.9960560911481156
2291,1.0,0.9964943032427696
2292,1.0,0.9969325153374232
2293,1.0,0.9973707274320772
2294,1.0,0.9978089395267308
2295,1.0,0.9982471516213848
2296,1.0,0.9986853637160386
2297,1.0,0.9991235758106924
2298,1.0,0.9995617879053462
2299,1.0,1.0
